{"cameraMode":{"drawMode":0,"name":"Shaded","section":"Shading Mode"},"sceneLighting":false,"audioPlay":false,"sceneViewState":{"showFog":true,"showMaterialUpdate":false,"showSkybox":true,"showFlares":true,"showImageEffects":true,"showParticleSystems":true},"in2DMode":false,"pivot":{"x":-1.1642003059387208,"y":1.7452166080474854,"z":-0.050664663314819339},"rotation":{"x":-0.3360046148300171,"y":0.3950721025466919,"z":-0.15797941386699677,"w":-0.8402746319770813},"size":2.8578836917877199,"orthographic":false}